sku,Title,Cost,currency,Piece Diameter (cm),Size,Width Imperial Inch,MEASURE (mm),Length su (cm),Width su (cm),Height su (cm),brand,category
D-1,Flint Coupe Plate,5.00,GBP,,"23cm / 9""",,,,,,Size Sources Co,Tableware
D-2,Sea Spray Pizza Plate 30cm,5.00,GBP,,32cm,,,,,,Size Sources Co,Tableware
D-3,Academy Rectangular Platter 35 x 15.5cm,5.00,GBP,,"35 x 15.5cm / 13.75"" x 6""",,,,,,Size Sources Co,Tableware
D-4,Cocoon Red Wine Tumbler,5.00,GBP,,556ml / 19.5oz,,,,,,Size Sources Co,Tableware
D-5,Stainless Steel GN 2/4 150mm Deep,5.00,GBP,,150mm Deep,,,,,,Size Sources Co,Tableware
D-6,Purity Deep Bowl 13cm,5.00,GBP,13cm,99cm,,,,,,Size Sources Co,Tableware
C-1,BOWL 12.7CM,5.00,GBP,,,5in,,,,,Size Sources Co,Tableware
V-1,Breakfast/dessert plate,5.00,GBP,,,,212x212x24,,,,Size Sources Co,Tableware
V-2,Cup N.0,5.00,GBP,,,,140x70,,,,Size Sources Co,Tableware
V-3,Saucer,5.00,GBP,,,,120,,,,Size Sources Co,Tableware
A-1,F6 OMINIS STEMMED GLASS 31,5.00,GBP,,,,,25.1,17.0,19.1,Size Sources Co,Tableware
A-2,TEMP HARENA PLATE LARGE 27,5.00,GBP,,,,,27.0,27.0,2.5,Size Sources Co,Tableware
