sku,Title,Cost,currency,Brand,Range,Colour,Category,Pallet Qty,Weight (kg),Capacity (cl),Capacity (oz),Diameter (mm),Length (mm)
F-1,Zero Tumbler 30cl [10.5oz],2.00,GBP,Fix Co,Zero,,Tumblers,0,0.00,,0,,
F-2,Pallet Mug 34cl,2.50,GBP,Fix Co,Pallet,,Glassware,480,0.31,34,12,,
F-3,Bain Marie 1/1 With Tap 1.2Kw 9 Litre,120.00,GBP,Fix Co,,,Equipment,,,,,,
F-4,"Scoop 9"" 2 1/4L Cap",4.00,GBP,Fix Co,,,Utensils,,,,,,
F-5,Steak Knife Serrated 1.2mm Blade,3.00,GBP,Fix Co,,,Cutlery,,,,,,
F-6,Table Knife 23cm,3.00,GBP,Fix Co,,,Cutlery,,,,,20,235
F-7,Coupe Plate 28cm,6.00,GBP,Fix Co,Coupe,,Plates,,,,,288,
F-8,Coupe Plate 24cm,5.00,GBP,Fix Co,Coupe,,Plates,,,,,,
F-9,Icon Old Fashioned 35.5cl Grey,3.10,GBP,Fix Co,Icon,Grey,Glassware,,,,,,
F-10,Icon Old Fashioned 35.5cl Green,3.10,GBP,Fix Co,Icon,Green,Glassware,,,,,,
F-11,Icon Old Fashioned 27cl Green,2.90,GBP,Fix Co,Icon,Green,Glassware,,,,,,
F-12,Mug 30cl,2.00,GBP,Fix Co,Dup,,Glassware,,,,,,
F-13,Mug 30cl,2.10,GBP,Fix Co,Dup,,Glassware,,,,,,
F-14,Sola Bowl 15cm,4.00,GBP,SOLA,Sola Bowls,,Plates,,,,,,
F-15,Bread Knife 20cm 2400 Series,9.00,GBP,2400 Series,,,Cutlery,,,,,,
F-16,Idol Soup Station,300.00,GBP,Hepp Hw/Buffet,Walco Idol Buffet,,Equipment,,,,,,
F-17,Hepp Chafing Dish Lid,40.00,GBP,Hepp Hw/Buffet,,,Equipment,,,,,,
